﻿{
"FDBS":{
  "Version":16,
  "Manager":{
    "UpdatesRegistry":true,
    "TableList":[
      {"class":"Table",
        "Name":"tbl_AppData",
        "SourceName":"tbl_AppData",
        "TabID":0,
        "EnforceConstraints":false,
        "MinimumCapacity":50,
        "CheckNotNull":false,
        "ColumnList":[
          {"class":"Column",
            "Name":"Params_schema_file",
            "SourceName":"Params_schema_file",
            "SourceID":1,
            "DataType":"AnsiString",
            "Size":255,
            "Searchable":true,
            "AllowNull":true,
            "Base":true,
            "OAllowNull":true,
            "OInUpdate":true,
            "OInWhere":true,
            "OriginColName":"Params_schema_file",
            "SourceSize":255},
          {"class":"Column",
            "Name":"Format_schema_file",
            "SourceName":"Format_schema_file",
            "SourceID":2,
            "DataType":"Boolean",
            "Searchable":true,
            "Base":true,
            "Expression":"True",
            "OInUpdate":true,
            "OInWhere":true,
            "OriginColName":"Format_schema_file"},
          {"class":"Column",
            "Name":"Params_values_file",
            "SourceName":"Params_values_file",
            "SourceID":3,
            "DataType":"AnsiString",
            "Size":255,
            "Searchable":true,
            "AllowNull":true,
            "Base":true,
            "OAllowNull":true,
            "OInUpdate":true,
            "OInWhere":true,
            "OriginColName":"Params_values_file",
            "SourceSize":255},
          {"class":"Column",
            "Name":"Format_values_file",
            "SourceName":"Format_values_file",
            "SourceID":4,
            "DataType":"Boolean",
            "Searchable":true,
            "Base":true,
            "Expression":"True",
            "OInUpdate":true,
            "OInWhere":true,
            "OriginColName":"Format_values_file"}],
        "ConstraintList":[],
        "ViewList":[],
        "RowList":[
          {
            "RowID":0,
            "Original":{
              "Params_schema_file":"",
              "Format_schema_file":true,
              "Params_values_file":"",
              "Format_values_file":true}}]}],
    "RelationList":[],
    "UpdatesJournal":{
      "SavePoint":1,
      "Changes":[]}}}}